Workbook
Name מחוז_ענף_כלכלי__סדר: מחוז_ענף_כלכלי__סדר!$A$1:$E$169
Name מחוז_ענף_כלכלי_2_ספרות: מחוז_ענף_כלכלי_2_ספרות!$A$1:$D$594
Name מחוז_ענף_כלכלי_3_ספרות: מחוז_ענף_כלכלי_3_ספרות!$A$1:$E$73
Name רשויות_ענף_כלכלי__2ספרות_: רשויות_ענף_כלכלי__2ספרות_!$A$1:$E$746
Name רשויות_ענף_כלכלי__3ספרות_: רשויות_ענף_כלכלי__3ספרות_!$A$1:$D$86
Name רשויות_ענף_כלכלי__סדר_: רשויות_ענף_כלכלי__סדר_!$A$1:$D$316

Sheet מידע נילווה
A9: תאריך הפקה:
A11: יחידה בלמ"ס שהפיקה את הנתונים: | B11: אגף מיקרו כלכלה
A13: שם המפיק: | B13: אורלי פורמן
A15: לשאלות ובירורים נא לפנות ליחידת המידע: | B15: 02-6592666 או
B16: info@cbs.gov.il
A18: סוג ההפקה: | B18: עיבוד מיוחד מורכב
A20: מקורות הנתונים:
A21: - | B21: קובצי הכנסה מנהליים
B22: עבור השנים 2018-2022
A23: סימנים מיוחדים:
A24: ריק | B24: חוסר מקרים
A25: * | B25: ללא ענף כלכלי
A26: הסבר נוסף:
A27: שכר חודשי ממוצע | B27: חושב ע"י חלוקת השכר השנתי במספר חודשי העבודה, רק הכנסה משכר
A28: שכיר | B28: כל בעלי ההכנסה משכר במהלך השנה, גם אם היתה לו הכנסה עסקית
A29: ענף כלכלי | B29: ענף כלכלי של המשרה המניבה יותר במהלך השנה
B30: לעניין קיבוץ ענפי הכלכלה בשתי ספרות בהתאם לבקשה- הוצג הענף באופנות הראשונה על פיה אוחדו

Sheet רשויות_ענף_כלכלי__3ספרות_
A1: ShemMaamadMuniOMoeza | B1: ענף כלכלי | C1: מספר שכירים | D1: שכר חודשי ממוצי
A2: בוקעאתא | B2: 857 | C2: 218 | D2: 13360.924
A3: ג'ש (גוש חלב) | B3: 852 | C3: 16 | D3: 15801.911
A4: ג'ש (גוש חלב) | B4: 854 | C4: 11 | D4: 15867.083
A5: ג'ש (גוש חלב) | B5: 857 | C5: 86 | D5: 14848.946
A6: גולן | B6: 850 | C6: 11 | D6: 5945.223
A7: גולן | B7: 851 | C7: 52 | D7: 9488.4871
A8: גולן | B8: 852 | C8: 307 | D8: 14508.5
A9: גולן | B9: 853 | C9: 52 | D9: 8023.3834
A10: גולן | B10: 854 | C10: 116 | D10: 10710.802
A11: גולן | B11: 855 | C11: 34 | D11: 11075.198
A12: גולן | B12: 856 | C12: 40 | D12: 9154.8053
A13: גולן | B13: 857 | C13: 979 | D13: 12026.86
... A86: ראש פינה | B86: 857 | C86: 95 | D86: 11898.867

Sheet רשויות_ענף_כלכלי__2ספרות_
A1: ShemMaamadMuniOMoeza | B1: ענף כלכלי | C1: שם ענף | D1: מספר שכירים | E1: שכר חודשי ממוצי | J1: סדר | K1: ענף ראשי | L1: תיאור
A2: בוקעאתא | B2: 1 | C2: =INDEX(L:L,MATCH(B2,K:K,0)) -> גידולים צמחיים | D2: 263 | E2: 5828.4334 | J2: A | L2: חקלאות, ייעור ודיג
A3: בוקעאתא | B3: 4 | C3: =INDEX(L:L,MATCH(B3,K:K,0)) -> גידול בעלי חיים, ציד ופעילויות נלוות | D3: 41 | E3: 6468.1012 | K3: 1 | L3: גידולים צמחיים
A4: בוקעאתא | B4: 10 | C4: =INDEX(L:L,MATCH(B4,K:K,0)) -> ייצור מוצרי מזון | D4: 21 | E4: 10089.296 | K4: 2 | L4: ייעור וכריתת עצים
A5: בוקעאתא | B5: 11 | C5: =INDEX(L:L,MATCH(B5,K:K,0)) -> ייצור משקאות | D5: 32 | E5: 12219.862 | K5: 3 | L5: דיג וחקלאות מים
A6: בוקעאתא | B6: 13 | C6: =INDEX(L:L,MATCH(B6,K:K,0)) -> ייצור טקסטיל | D6: 15 | E6: 6051.9078 | K6: 4 | L6: גידול בעלי חיים, ציד ופעילויות נלוות
A7: בוקעאתא | B7: 20 | C7: =INDEX(L:L,MATCH(B7,K:K,0)) -> ייצור כימיקלים ומוצריהם | D7: 30 | E7: 11296.285 | J7: B | L7: כרייה וחציבה
A8: בוקעאתא | B8: 22 | C8: =INDEX(L:L,MATCH(B8,K:K,0)) -> ייצור מוצרי גומי ופלסטיק | D8: 23 | E8: 8583.6463 | K8: 5 | L8: כריית פחם ופחם חום
A9: בוקעאתא | B9: 23 | C9: =INDEX(L:L,MATCH(B9,K:K,0)) -> ייצור מוצרים אחרים על בסיס מינרלים אל-מתכתיים | D9: 25 | E9: 12565.408 | K9: 6 | L9: הפקת נפט גולמי וגז טבעי
A10: בוקעאתא | B10: 32 | C10: =INDEX(L:L,MATCH(B10,K:K,0)) -> ענפי ייצור אחרים | D10: 21 | E10: 9686.6691 | K10: 7 | L10: כריית עפרות מתכת
A11: בוקעאתא | B11: 33 | C11: =INDEX(L:L,MATCH(B11,K:K,0)) -> תיקון, תחזוקה והתקנה של מכונות וציוד | D11: 13 | E11: 4182.6472 | K11: 8 | L11: סוגים אחרים של כרייה וחציבה
A12: בוקעאתא | B12: 41 | C12: =INDEX(L:L,MATCH(B12,K:K,0)) -> בניית מבנים ובניינים | D12: 225 | E12: 7612.2049 | K12: 9 | L12: פעילויות עזר לכרייה
A13: בוקעאתא | B13: 42 | C13: =INDEX(L:L,MATCH(B13,K:K,0)) -> עבודות הנדסה אזרחית | D13: 260 | E13: 8543.1291 | J13: C | L13: תעשייה
A14: בוקעאתא | B14: 43 | C14: =INDEX(L:L,MATCH(B14,K:K,0)) -> עבודות בנייה מיוחדות | D14: 124 | E14: 6924.5629 | K14: 10 | L14: ייצור מוצרי מזון
A15: בוקעאתא | B15: 45 | C15: =INDEX(L:L,MATCH(B15,K:K,0)) -> מסחר סיטוני וקמעוני בכלי רכב מנועיים ובאופנועים ותיקונם | D15: 31 | E15: 7414.9551 | K15: 11 | L15: ייצור משקאות
A16: בוקעאתא | B16: 46 | C16: =INDEX(L:L,MATCH(B16,K:K,0)) -> מסחר סיטוני, פרט לכלי רכב מנועיים ולאופנועים | D16: 60 | E16: 7235.7007 | K16: 12 | L16: ייצור מוצרי טבק
A17: בוקעאתא | B17: 47 | C17: =INDEX(L:L,MATCH(B17,K:K,0)) -> מכירה קמעונית, פרט לכלי רכב מנועיים ולאופנועים | D17: 213 | E17: 5013.9065 | K17: 13 | L17: ייצור טקסטיל
A18: בוקעאתא | B18: 49 | C18: =INDEX(L:L,MATCH(B18,K:K,0)) -> הובלה יבשתית והובלה באמצעות קווי צינורות | D18: 75 | E18: 6523.1304 | K18: 14 | L18: ייצור מוצרי הלבשה
A19: בוקעאתא | B19: 52 | C19: =INDEX(L:L,MATCH(B19,K:K,0)) -> אחסנה ושירותי עזר לתחבורה | D19: 16 | E19: 6877.3133 | K19: 15 | L19: ייצור ועיבוד של מוצרי עור ושל אביזרים נלווים
A20: בוקעאתא | B20: 55 | C20: =INDEX(L:L,MATCH(B20,K:K,0)) -> שירותי אירוח | D20: 201 | E20: 5684.6668 | K20: 16 | L20: ייצור מוצרי עץ ומוצרי עץ ושעם, פרט לרהיטים; ייצור מוצרי קש ומוצרים מחומרי קליעה
A21: בוקעאתא | B21: 56 | C21: =INDEX(L:L,MATCH(B21,K:K,0)) -> שירותי מזון ומשקאות | D21: 43 | E21: 4390.3779 | K21: 17 | L21: ייצור נייר ומוצריו
A22: בוקעאתא | B22: 62 | C22: =INDEX(L:L,MATCH(B22,K:K,0)) -> תכנות מחשבים, ייעוץ בתחום המחשבים ושירותים נלווים אחרים | D22: 28 | E22: 14349.075 | K22: 18 | L22: הדפסה ושכפול של חומר תקשורתי מוקלט
A23: בוקעאתא | B23: 64 | C23: =INDEX(L:L,MATCH(B23,K:K,0)) -> שירותים פיננסיים, פרט לביטוח ולקרנות פנסיה | D23: 16 | E23: 9562.9688 | K23: 19 | L23: ייצור מוצרי נפט מזוקק
A24: בוקעאתא | B24: 68 | C24: =INDEX(L:L,MATCH(B24,K:K,0)) -> פעילויות בנדל"ן | D24: 22 | E24: 9488.7939 | K24: 20 | L24: ייצור כימיקלים ומוצריהם
A25: בוקעאתא | B25: 69 | C25: =INDEX(L:L,MATCH(B25,K:K,0)) -> שירותים משפטיים ושירותי חשבונאות | D25: 12 | E25: 6434.2083 | K25: 21 | L25: ייצור תרופות, כולל תרופות הומאופתיות
... A38: ג'ש (גוש חלב) | B38: 1 | C38: =INDEX(L:L,MATCH(B38,K:K,0)) -> גידולים צמחיים | D38: 95 | E38: 8814.347 | K38: 34 | L38: עיבוד יהלומים
A39: ג'ש (גוש חלב) | B39: 10 | C39: =INDEX(L:L,MATCH(B39,K:K,0)) -> ייצור מוצרי מזון | D39: 52 | E39: 10013.378 | J39: D | L39: אספקת חשמל, גז, קיטור ומיזוג אוויר
A40: ג'ש (גוש חלב) | B40: 20 | C40: =INDEX(L:L,MATCH(B40,K:K,0)) -> ייצור כימיקלים ומוצריהם | D40: 24 | E40: 9418.2285 | K40: 35 | L40: אספקת חשמל, גז, קיטור ומיזוג אוויר (קירור)
A41: ג'ש (גוש חלב) | B41: 22 | C41: =INDEX(L:L,MATCH(B41,K:K,0)) -> ייצור מוצרי גומי ופלסטיק | D41: 17 | E41: 11168.906 | J41: E | L41: אספקת מים; שירותי ביוב, טיפול באשפה ובפסולת ושירותי טיהור
A42: ג'ש (גוש חלב) | B42: 23 | C42: =INDEX(L:L,MATCH(B42,K:K,0)) -> ייצור מוצרים אחרים על בסיס מינרלים אל-מתכתיים | D42: 29 | E42: 14047.508 | K42: 36 | L42: אגירת מים, טיפול ואספקה
A43: ג'ש (גוש חלב) | B43: 27 | C43: =INDEX(L:L,MATCH(B43,K:K,0)) -> ייצור ציוד חשמלי | D43: 29 | E43: 9360.0386 | K43: 37 | L43: שירותי ביוב
A44: ג'ש (גוש חלב) | B44: 31 | C44: =INDEX(L:L,MATCH(B44,K:K,0)) -> ייצור רהיטים | D44: 16 | E44: 7420.7788 | K44: 38 | L44: איסוף, טיפול וסילוק של אשפה ופסולת; מחזור (והשבה) של חומרים
A45: ג'ש (גוש חלב) | B45: 32 | C45: =INDEX(L:L,MATCH(B45,K:K,0)) -> ענפי ייצור אחרים | D45: 96 | E45: 9992.3652 | K45: 39 | L45: שירותי טיהור ושירותים אחרים לטיפול בפסולת
A46: ג'ש (גוש חלב) | B46: 41 | C46: =INDEX(L:L,MATCH(B46,K:K,0)) -> בניית מבנים ובניינים | D46: 31 | E46: 7722.5494 | J46: סדר | K46: ענף ראשי | L46: תיאור
A47: ג'ש (גוש חלב) | B47: 42 | C47: =INDEX(L:L,MATCH(B47,K:K,0)) -> עבודות הנדסה אזרחית | D47: 20 | E47: 14438.492 | J47: F | L47: בינוי
A48: ג'ש (גוש חלב) | B48: 43 | C48: =INDEX(L:L,MATCH(B48,K:K,0)) -> עבודות בנייה מיוחדות | D48: 50 | E48: 7727.0518 | K48: 41 | L48: בניית מבנים ובניינים
A49: ג'ש (גוש חלב) | B49: 45 | C49: =INDEX(L:L,MATCH(B49,K:K,0)) -> מסחר סיטוני וקמעוני בכלי רכב מנועיים ובאופנועים ותיקונם | D49: 24 | E49: 8593.7503 | K49: 42 | L49: עבודות הנדסה אזרחית
A50: ג'ש (גוש חלב) | B50: 46 | C50: =INDEX(L:L,MATCH(B50,K:K,0)) -> מסחר סיטוני, פרט לכלי רכב מנועיים ולאופנועים | D50: 25 | E50: 10458.846 | K50: 43 | L50: עבודות בנייה מיוחדות
A51: ג'ש (גוש חלב) | B51: 47 | C51: =INDEX(L:L,MATCH(B51,K:K,0)) -> מכירה קמעונית, פרט לכלי רכב מנועיים ולאופנועים | D51: 116 | E51: 8981.9923 | J51: G | L51: מסחר סיטוני וקמעוני; תיקון כלי רכב מנועיים ואופנועים
A52: ג'ש (גוש חלב) | B52: 49 | C52: =INDEX(L:L,MATCH(B52,K:K,0)) -> הובלה יבשתית והובלה באמצעות קווי צינורות | D52: 32 | E52: 11753.071 | K52: 45 | L52: מסחר סיטוני וקמעוני בכלי רכב מנועיים ובאופנועים ותיקונם
A53: ג'ש (גוש חלב) | B53: 55 | C53: =INDEX(L:L,MATCH(B53,K:K,0)) -> שירותי אירוח | D53: 38 | E53: 7724.6201 | K53: 46 | L53: מסחר סיטוני, פרט לכלי רכב מנועיים ולאופנועים
A54: ג'ש (גוש חלב) | B54: 56 | C54: =INDEX(L:L,MATCH(B54,K:K,0)) -> שירותי מזון ומשקאות | D54: 77 | E54: 5724.2263 | K54: 47 | L54: מכירה קמעונית, פרט לכלי רכב מנועיים ולאופנועים
A55: ג'ש (גוש חלב) | B55: 62 | C55: =INDEX(L:L,MATCH(B55,K:K,0)) -> תכנות מחשבים, ייעוץ בתחום המחשבים ושירותים נלווים אחרים | D55: 28 | E55: 26978.691 | J55: H | L55: שירותי תחבורה, אחסנה, דואר ובלדרות
A56: ג'ש (גוש חלב) | B56: 64 | C56: =INDEX(L:L,MATCH(B56,K:K,0)) -> שירותים פיננסיים, פרט לביטוח ולקרנות פנסיה | D56: 24 | E56: 12804.956 | K56: 49 | L56: הובלה יבשתית והובלה באמצעות קווי צינורות
A57: ג'ש (גוש חלב) | B57: 69 | C57: =INDEX(L:L,MATCH(B57,K:K,0)) -> שירותים משפטיים ושירותי חשבונאות | D57: 48 | E57: 9796.4422 | K57: 50 | L57: הובלה ימית
A58: ג'ש (גוש חלב) | B58: 71 | C58: =INDEX(L:L,MATCH(B58,K:K,0)) -> שירותי אדריכלות והנדסה; בדיקות טכניות וניתוח נתונים טכניים | D58: 29 | E58: 10478.639 | K58: 51 | L58: הובלה אווירית
A59: ג'ש (גוש חלב) | B59: 78 | C59: =INDEX(L:L,MATCH(B59,K:K,0)) -> שירותי תעסוקה | D59: 30 | E59: 5292.0254 | K59: 52 | L59: אחסנה ושירותי עזר לתחבורה
A60: ג'ש (גוש חלב) | B60: 81 | C60: =INDEX(L:L,MATCH(B60,K:K,0)) -> שירותי תחזוקה לבניינים ועבודות גינון | D60: 23 | E60: 8016.497 | K60: 53 | L60: שירותי דואר ובלדרות
A61: ג'ש (גוש חלב) | B61: 82 | C61: =INDEX(L:L,MATCH(B61,K:K,0)) -> שירותי ניהול ותמיכה למשרדים ולעסקים | D61: 35 | E61: 7235.1382 | J61: I | L61: שירותי אירוח ואוכל
A62: ג'ש (גוש חלב) | B62: 83 | C62: =INDEX(L:L,MATCH(B62,K:K,0)) -> מינהל מקומי | D62: 77 | E62: 11109.131 | K62: 55 | L62: שירותי אירוח
A63: ג'ש (גוש חלב) | B63: 84 | C63: =INDEX(L:L,MATCH(B63,K:K,0)) -> מינהל ציבורי וביטחון; ביטוח לאומי חובה | D63: 89 | E63: 19219.716 | K63: 56 | L63: שירותי מזון ומשקאות
A64: ג'ש (גוש חלב) | B64: 85 | C64: =INDEX(L:L,MATCH(B64,K:K,0)) -> חינוך | D64: 126 | E64: 14027.574 | J64: J | L64: מידע ותקשורת
A65: ג'ש (גוש חלב) | B65: 86 | C65: =INDEX(L:L,MATCH(B65,K:K,0)) -> שירותי בריאות | D65: 84 | E65: 15392.532 | K65: 58 | L65: הוצאה לאור
A66: ג'ש (גוש חלב) | B66: 87 | C66: =INDEX(L:L,MATCH(B66,K:K,0)) -> מגורים טיפוליים | D66: 14 | E66: 9601.2899 | K66: 59 | L66: הפקה, פוסט-פרודקשן והפצה של סרטי קולנוע, סרטי וידאו, תכניות טלוויזיה, הקלטה והוצאה לאור של קול ומוזיקה
A67: ג'ש (גוש חלב) | B67: 88 | C67: =INDEX(L:L,MATCH(B67,K:K,0)) -> שירותי רווחה וסעד ללא מגורים | D67: 78 | E67: 4693.0959 | K67: 60 | L67: שידור תכניות רדיו וטלוויזיה
A68: ג'ש (גוש חלב) | B68: 93 | C68: =INDEX(L:L,MATCH(B68,K:K,0)) -> פעילויות ספורט, בילוי ופנאי | D68: 15 | E68: 5425.9436 | K68: 61 | L68: שירותי תקשורת
A69: ג'ש (גוש חלב) | B69: 94 | C69: =INDEX(L:L,MATCH(B69,K:K,0)) -> פעילויות של ארגוני חברים | D69: 32 | E69: 11157.448 | K69: 62 | L69: תכנות מחשבים, ייעוץ בתחום המחשבים ושירותים נלווים אחרים
A70: גולן | B70: 1 | C70: =INDEX(L:L,MATCH(B70,K:K,0)) -> גידולים צמחיים | D70: 1142 | E70: 7674.416 | K70: 63 | L70: שירותי מידע
A71: גולן | B71: 4 | C71: =INDEX(L:L,MATCH(B71,K:K,0)) -> גידול בעלי חיים, ציד ופעילויות נלוות | D71: 185 | E71: 8792.7489 | J71: K | L71: שירותים פיננסיים ושירותי ביטוח
A72: גולן | B72: 10 | C72: =INDEX(L:L,MATCH(B72,K:K,0)) -> ייצור מוצרי מזון | D72: 154 | E72: 12118.039 | K72: 64 | L72: שירותים פיננסיים, פרט לביטוח ולקרנות פנסיה
A73: גולן | B73: 11 | C73: =INDEX(L:L,MATCH(B73,K:K,0)) -> ייצור משקאות | D73: 158 | E73: 8599.1202 | K73: 65 | L73: ביטוח, ביטוח משנה וקרנות פנסיה, פרט לביטוח לאומי חובה
A74: גולן | B74: 13 | C74: =INDEX(L:L,MATCH(B74,K:K,0)) -> ייצור טקסטיל | D74: 13 | E74: 12663.374 | K74: 66 | L74: פעילויות עזר הנלוות לשירותים פיננסיים ולשירותי ביטוח
A75: גולן | B75: 20 | C75: =INDEX(L:L,MATCH(B75,K:K,0)) -> ייצור כימיקלים ומוצריהם | D75: 43 | E75: 14057.964 | J75: L | L75: פעילויות בנדל"ן
A76: גולן | B76: 22 | C76: =INDEX(L:L,MATCH(B76,K:K,0)) -> ייצור מוצרי גומי ופלסטיק | D76: 61 | E76: 20150.189 | K76: 68 | L76: פעילויות בנדל"ן
A77: גולן | B77: 23 | C77: =INDEX(L:L,MATCH(B77,K:K,0)) -> ייצור מוצרים אחרים על בסיס מינרלים אל-מתכתיים | D77: 36 | E77: 12765.025 | J77: M | L77: שירותים מקצועיים, מדעיים וטכניים
A78: גולן | B78: 26 | C78: =INDEX(L:L,MATCH(B78,K:K,0)) -> ייצור מחשבים, מכשור אלקטרוני ואופטי | D78: 63 | E78: 21658.039 | K78: 69 | L78: שירותים משפטיים ושירותי חשבונאות
A79: גולן | B79: 27 | C79: =INDEX(L:L,MATCH(B79,K:K,0)) -> ייצור ציוד חשמלי | D79: 167 | E79: 15561.993 | K79: 70 | L79: שירותי משרדים ראשיים; שירותי ייעוץ ניהולי
A80: גולן | B80: 29 | C80: =INDEX(L:L,MATCH(B80,K:K,0)) -> ייצור כלי רכב מנועיים ונגררים | D80: 36 | E80: 23017.597 | K80: 71 | L80: שירותי אדריכלות והנדסה; בדיקות טכניות וניתוח נתונים טכניים
A81: גולן | B81: 31 | C81: =INDEX(L:L,MATCH(B81,K:K,0)) -> ייצור רהיטים | D81: 11 | E81: 10478.789 | K81: 72 | L81: מחקר מדעי ופיתוח
A82: גולן | B82: 32 | C82: =INDEX(L:L,MATCH(B82,K:K,0)) -> ענפי ייצור אחרים | D82: 46 | E82: 15723.633 | K82: 73 | L82: פרסום וחקר שווקים
A83: גולן | B83: 33 | C83: =INDEX(L:L,MATCH(B83,K:K,0)) -> תיקון, תחזוקה והתקנה של מכונות וציוד | D83: 17 | E83: 19096.029 | K83: 74 | L83: סוגים אחרים של שירותים מקצועיים, מדעיים וטכניים
A84: גולן | B84: 35 | C84: =INDEX(L:L,MATCH(B84,K:K,0)) -> אספקת חשמל, גז, קיטור ומיזוג אוויר (קירור) | D84: 16 | E84: 15563.891 | K84: 75 | L84: שירותים וטרינריים
A85: גולן | B85: 36 | C85: =INDEX(L:L,MATCH(B85,K:K,0)) -> אגירת מים, טיפול ואספקה | D85: 31 | E85: 21189.403 | J85: N | L85: שירותי ניהול ותמיכה
A86: גולן | B86: 37 | C86: =INDEX(L:L,MATCH(B86,K:K,0)) -> שירותי ביוב | D86: 24 | E86: 15866.049 | K86: 77 | L86: שירותי השכרה והחכרה
A87: גולן | B87: 41 | C87: =INDEX(L:L,MATCH(B87,K:K,0)) -> בניית מבנים ובניינים | D87: 82 | E87: 14544.231 | K87: 78 | L87: שירותי תעסוקה
A88: גולן | B88: 42 | C88: =INDEX(L:L,MATCH(B88,K:K,0)) -> עבודות הנדסה אזרחית | D88: 42 | E88: 16442.382 | K88: 79 | L88: פעילויות של סוכנויות נסיעות, מארגני טיולים, הזמנות ושירותים נלווים
A89: גולן | B89: 43 | C89: =INDEX(L:L,MATCH(B89,K:K,0)) -> עבודות בנייה מיוחדות | D89: 112 | E89: 11061.828 | K89: 80 | L89: שירותי שמירה, אבטחה וחקירה
A90: גולן | B90: 45 | C90: =INDEX(L:L,MATCH(B90,K:K,0)) -> מסחר סיטוני וקמעוני בכלי רכב מנועיים ובאופנועים ותיקונם | D90: 55 | E90: 14267.864 | K90: 81 | L90: שירותי תחזוקה לבניינים ועבודות גינון
A91: גולן | B91: 46 | C91: =INDEX(L:L,MATCH(B91,K:K,0)) -> מסחר סיטוני, פרט לכלי רכב מנועיים ולאופנועים | D91: 202 | E91: 15612.567 | K91: 82 | L91: שירותי ניהול ותמיכה למשרדים ולעסקים
A92: גולן | B92: 47 | C92: =INDEX(L:L,MATCH(B92,K:K,0)) -> מכירה קמעונית, פרט לכלי רכב מנועיים ולאופנועים | D92: 270 | E92: 7655.8749 | J92: סדר | K92: ענף ראשי | L92: תיאור
A93: גולן | B93: 49 | C93: =INDEX(L:L,MATCH(B93,K:K,0)) -> הובלה יבשתית והובלה באמצעות קווי צינורות | D93: 49 | E93: 12739.053 | J93: O | L93: מינהל מקומי, מינהל ציבורי וביטחון; ביטוח לאומי חובה
A94: גולן | B94: 52 | C94: =INDEX(L:L,MATCH(B94,K:K,0)) -> אחסנה ושירותי עזר לתחבורה | D94: 38 | E94: 15226.983 | K94: 83 | L94: מינהל מקומי
A95: גולן | B95: 55 | C95: =INDEX(L:L,MATCH(B95,K:K,0)) -> שירותי אירוח | D95: 372 | E95: 7119.1274 | K95: 84 | L95: מינהל ציבורי וביטחון; ביטוח לאומי חובה
A96: גולן | B96: 56 | C96: =INDEX(L:L,MATCH(B96,K:K,0)) -> שירותי מזון ומשקאות | D96: 419 | E96: 4901.8668 | J96: P | L96: חינוך
A97: גולן | B97: 59 | C97: =INDEX(L:L,MATCH(B97,K:K,0)) -> הפקה, פוסט-פרודקשן והפצה של סרטי קולנוע, סרטי וידאו, תכניות טלוויזיה, הקלטה והוצאה לאור של קול ומוזיקה | D97: 27 | E97: 25307.52 | K97: 85 | L97: חינוך
A98: גולן | B98: 61 | C98: =INDEX(L:L,MATCH(B98,K:K,0)) -> שירותי תקשורת | D98: 16 | E98: 13269.559 | J98: Q | L98: שירותי בריאות, רווחה וסעד
A99: גולן | B99: 62 | C99: =INDEX(L:L,MATCH(B99,K:K,0)) -> תכנות מחשבים, ייעוץ בתחום המחשבים ושירותים נלווים אחרים | D99: 282 | E99: 21812.98 | K99: 86 | L99: שירותי בריאות
A100: גולן | B100: 64 | C100: =INDEX(L:L,MATCH(B100,K:K,0)) -> שירותים פיננסיים, פרט לביטוח ולקרנות פנסיה | D100: 104 | E100: 15832.498 | K100: 87 | L100: מגורים טיפוליים
A101: גולן | B101: 68 | C101: =INDEX(L:L,MATCH(B101,K:K,0)) -> פעילויות בנדל"ן | D101: 38 | E101: 13172.282 | K101: 88 | L101: שירותי רווחה וסעד ללא מגורים
A102: גולן | B102: 69 | C102: =INDEX(L:L,MATCH(B102,K:K,0)) -> שירותים משפטיים ושירותי חשבונאות | D102: 74 | E102: 11520.152 | J102: R | L102: אמנות, בידור ופנאי
A103: גולן | B103: 70 | C103: =INDEX(L:L,MATCH(B103,K:K,0)) -> שירותי משרדים ראשיים; שירותי ייעוץ ניהולי | D103: 154 | E103: 15483.074 | K103: 90 | L103: יצירה, אמנות ובידור
A104: גולן | B104: 71 | C104: =INDEX(L:L,MATCH(B104,K:K,0)) -> שירותי אדריכלות והנדסה; בדיקות טכניות וניתוח נתונים טכניים | D104: 141 | E104: 14385.841 | K104: 91 | L104: הפעלת ספריות, ארכיונים, מוזאונים ופעילויות תרבות אחרות
A105: גולן | B105: 72 | C105: =INDEX(L:L,MATCH(B105,K:K,0)) -> מחקר מדעי ופיתוח | D105: 147 | E105: 19771.043 | K105: 92 | L105: פעילויות הימורים והתערבויות
A106: גולן | B106: 73 | C106: =INDEX(L:L,MATCH(B106,K:K,0)) -> פרסום וחקר שווקים | D106: 41 | E106: 10725.719 | K106: 93 | L106: פעילויות ספורט, בילוי ופנאי
A107: גולן | B107: 74 | C107: =INDEX(L:L,MATCH(B107,K:K,0)) -> סוגים אחרים של שירותים מקצועיים, מדעיים וטכניים | D107: 56 | E107: 12486.766 | J107: S | L107: שירותים אחרים
A108: גולן | B108: 77 | C108: =INDEX(L:L,MATCH(B108,K:K,0)) -> שירותי השכרה והחכרה | D108: 20 | E108: 7329.4817 | K108: 94 | L108: פעילויות של ארגוני חברים
A109: גולן | B109: 78 | C109: =INDEX(L:L,MATCH(B109,K:K,0)) -> שירותי תעסוקה | D109: 36 | E109: 8881.1291 | K109: 95 | L109: תיקון של מחשבים, ציוד אישי וציוד לבית
A110: גולן | B110: 79 | C110: =INDEX(L:L,MATCH(B110,K:K,0)) -> פעילויות של סוכנויות נסיעות, מארגני טיולים, הזמנות ושירותים נלווים | D110: 80 | E110: 10213.559 | K110: 96 | L110: שירותים אישיים אחרים
A111: גולן | B111: 80 | C111: =INDEX(L:L,MATCH(B111,K:K,0)) -> שירותי שמירה, אבטחה וחקירה | D111: 69 | E111: 9472.4909 | J111: T | L111: משקי בית כמעסיקים; משקי בית המייצרים מגוון טובין ושירותים לשימוש עצמי
A112: גולן | B112: 81 | C112: =INDEX(L:L,MATCH(B112,K:K,0)) -> שירותי תחזוקה לבניינים ועבודות גינון | D112: 92 | E112: 7174.8136 | K112: 97 | L112: משקי בית כמעסיקים (של עובדי משק בית)
...

Sheet פיבוט
A4: Row Labels | B4: Average of שכר חודשי ממוצי | C4: Sum of מספר שכירים
A5: הגליל העליון | B5: 13122.927 | C5: 8547
A6: Grand Total | B6: 13122.927 | C6: 8547

Sheet רשויות_ענף_כלכלי__סדר_
A1: ShemMaamadMuniOMoeza | B1: ענף כלכלי | C1: מספר שכירים | D1: שכר חודשי ממוצי | N1: ShemMaamadMuniOMoeza | O1: קצרין
A2: בוקעאתא | B2: * | C2: 34 | D2: 15437.083
A3: בוקעאתא | B3: A | C3: 304 | D3: 5914.7044 | M3: שם ענף | N3: Row Labels | O3: Sum of מספר שכירים | P3: Average of שכר חודשי ממוצי
A4: בוקעאתא | B4: C | C4: 209 | D4: 9482.7361 | N4: * | O4: 134 | P4: 18495.795
A5: בוקעאתא | B5: E | C5: 10 | D5: 12726.853 | M5: חקלאות, ייעור ודיג | N5: A | O5: 121 | P5: 7224.6458
A6: בוקעאתא | B6: F | C6: 609 | D6: 7869.6313 | M6: תעשייה | N6: C | O6: 664 | P6: 10505.584
A7: בוקעאתא | B7: G | C7: 304 | D7: 5697.2623 | M7: אספקת מים; שירותי ביוב, טיפול באשפה ובפסולת ושירותי טיהור | N7: E | O7: 11 | P7: 15036.551
A8: בוקעאתא | B8: H | C8: 91 | D8: 6585.4043 | M8: בינוי | N8: F | O8: 100 | P8: 10060.988
A9: בוקעאתא | B9: I | C9: 244 | D9: 5456.5749 | M9: מסחר סיטוני וקמעוני; תיקון כלי רכב מנועיים ואופנועים | N9: G | O9: 366 | P9: 7160.8033
A10: בוקעאתא | B10: J | C10: 36 | D10: 12609.04 | M10: שירותי תחבורה, אחסנה, דואר ובלדרות | N10: H | O10: 99 | P10: 9069.1325
A11: בוקעאתא | B11: K | C11: 16 | D11: 9562.9688 | M11: שירותי אירוח ואוכל | N11: I | O11: 394 | P11: 5948.9582
A12: בוקעאתא | B12: L | C12: 22 | D12: 9488.7939 | M12: מידע ותקשורת | N12: J | O12: 110 | P12: 16322.041
A13: בוקעאתא | B13: M | C13: 163 | D13: 7013.5367 | M13: שירותים פיננסיים ושירותי ביטוח | N13: K | O13: 43 | P13: 10698.006
A14: בוקעאתא | B14: N | C14: 179 | D14: 4063.8821 | M14: פעילויות בנדל"ן | N14: L | O14: 13 | P14: 7143.3333
A15: בוקעאתא | B15: O | C15: 146 | D15: 11637.596 | M15: שירותים מקצועיים, מדעיים וטכניים | N15: M | O15: 268 | P15: 10509.417
A16: בוקעאתא | B16: P | C16: 235 | D16: 13280.967 | M16: שירותי ניהול ותמיכה | N16: N | O16: 301 | P16: 6405.709
... A22: ג'ש (גוש חלב) | B22: C | C22: 287 | D22: 10683.526 | M22: אמנות, בידור ופנאי | N22: Grand Total | O22: 4069 | P22: 9500.5279
A23: ג'ש (גוש חלב) | B23: F | C23: 101 | D23: 9054.668 | M23: שירותים אחרים
A24: ג'ש (גוש חלב) | B24: G | C24: 165 | D24: 9149.2865 | M24: #N/A
A25: ג'ש (גוש חלב) | B25: H | C25: 38 | D25: 10737.705
A26: ג'ש (גוש חלב) | B26: I | C26: 115 | D26: 6385.226
A27: ג'ש (גוש חלב) | B27: J | C27: 30 | D27: 25598.272
A28: ג'ש (גוש חלב) | B28: K | C28: 24 | D28: 12804.956
A29: ג'ש (גוש חלב) | B29: M | C29: 97 | D29: 10958.159
A30: ג'ש (גוש חלב) | B30: N | C30: 98 | D30: 6979.3263
A31: ג'ש (גוש חלב) | B31: O | C31: 166 | D31: 15457.577
A32: ג'ש (גוש חלב) | B32: P | C32: 126 | D32: 14027.574
A33: ג'ש (גוש חלב) | B33: Q | C33: 176 | D33: 10190.069
A34: ג'ש (גוש חלב) | B34: R | C34: 20 | D34: 5643.9677
A35: ג'ש (גוש חלב) | B35: S | C35: 41 | D35: 9952.8496
A36: גולן | B36: * | C36: 407 | D36: 20226.219
... A280: קריית שמונה | B280: * | C280: 353 | D280: 18169.846
A281: קריית שמונה | B281: A | C281: 217 | D281: 7632.0344 | E281: 0
A282: קריית שמונה | B282: B | C282: 27 | D282: 17557.075 | E282: 0
A283: קריית שמונה | B283: C | C283: 2388 | D283: 11438.506 | E283: 0
A284: קריית שמונה | B284: E | C284: 58 | D284: 11999.708 | E284: 51
A285: קריית שמונה | B285: F | C285: 233 | D285: 10941.804 | E285: 175
A286: קריית שמונה | B286: G | C286: 1714 | D286: 8375.0523 | E286: 1481
A287: קריית שמונה | B287: H | C287: 361 | D287: 11323.354 | E287: -1353
A288: קריית שמונה | B288: I | C288: 1181 | D288: 5568.1956 | E288: 820
A289: קריית שמונה | B289: J | C289: 348 | D289: 16024.369 | E289: -833
A290: קריית שמונה | B290: K | C290: 184 | D290: 13496.639 | E290: -164
A291: קריית שמונה | B291: L | C291: 73 | D291: 10606.612 | E291: -111
A292: קריית שמונה | B292: M | C292: 500 | D292: 10340.266 | E292: 427
... A298: קריית שמונה | B298: S | C298: 314 | D298: 6437.7456 | E298: 18
A299: ראש פינה | B299: * | C299: 129 | D299: 19190.095
A300: ראש פינה | B300: A | C300: 56 | D300: 7843.6821
A301: ראש פינה | B301: C | C301: 96 | D301: 19097.793
A302: ראש פינה | B302: E | C302: 11 | D302: 16290.65
A303: ראש פינה | B303: F | C303: 61 | D303: 14371.174
A304: ראש פינה | B304: G | C304: 154 | D304: 10420.187
A305: ראש פינה | B305: H | C305: 38 | D305: 15147.457
A306: ראש פינה | B306: I | C306: 236 | D306: 5882.7531
A307: ראש פינה | B307: J | C307: 49 | D307: 22391.272
A308: ראש פינה | B308: K | C308: 28 | D308: 21876.402
A309: ראש פינה | B309: L | C309: 16 | D309: 10297.244
A310: ראש פינה | B310: M | C310: 85 | D310: 15539.773
... A316: ראש פינה | B316: S | C316: 74 | D316: 6973.1231

Sheet מחוז_ענף_כלכלי_3_ספרות
A1: CodMahozs | C1: ענף כלכלי | D1: מספר שכירים | E1: שכר חודשי ממוצי
A2: איוש | C2: 850 | D2: 4497 | E2: 5266.8586
A3: איוש | C3: 851 | D3: 7875 | E3: 7170.268
A4: איוש | C4: 852 | D4: 6291 | E4: 10350.296
A5: איוש | C5: 853 | D5: 652 | E5: 9090.5388
A6: איוש | C6: 854 | D6: 1199 | E6: 11845.445
A7: איוש | C7: 855 | D7: 2186 | E7: 11542.586
A8: איוש | C8: 856 | D8: 5204 | E8: 6577.5029
A9: איוש | C9: 857 | D9: 13718 | E9: 11301.596
A10: איוש | C10: 858 | D10: 243 | E10: 5772.6693
A11: דרום | C11: 850 | D11: 3851 | E11: 5557.2968
A12: דרום | C12: 851 | D12: 5658 | E12: 8011.5714
A13: דרום | C13: 852 | D13: 8180 | E13: 11235.42
... A73: תל אביב | C73: 858 | D73: 196 | E73: 7861.2731

Sheet מחוז_ענף_כלכלי_2_ספרות
A1: CodMahozs | B1: ענף כלכלי | C1: מספר שכירים | D1: שכר חודשי ממוצי
A2: איוש | B2: 1 | C2: 2263 | D2: 6652.1466
A3: איוש | B3: 2 | C3: 48 | D3: 26377.914
A4: איוש | B4: 3 | C4: 10 | D4: 8622.8088
A5: איוש | B5: 4 | C5: 218 | D5: 7231.0786
A6: איוש | B6: 8 | C6: 57 | D6: 19573.106
A7: איוש | B7: 10 | C7: 2244 | D7: 8616.7404
A8: איוש | B8: 11 | C8: 514 | D8: 7887.1989
A9: איוש | B9: 13 | C9: 268 | D9: 10840.44
A10: איוש | B10: 16 | C10: 136 | D10: 12856.683
A11: איוש | B11: 18 | C11: 363 | D11: 9737.2113
A12: איוש | B12: 20 | C12: 417 | D12: 15336.769
A13: איוש | B13: 21 | C13: 352 | D13: 20514.635
... A594: תל אביב | B594: 99 | C594: 594 | D594: 18552.256

Sheet מחוז_ענף_כלכלי__סדר
A1: CodMahozs | B1: ענף כלכלי | C1: ענף | D1: מספר שכירים | E1: שכר חודשי ממוצי
A2: איוש | B2: * | D2: 6087 | E2: 20201.097 | O2: Average of שכר חודשי ממוצי | P2: Column Labels
A3: איוש | B3: A | C3: =VLOOKUP(B3,רשויות_ענף_כלכלי__2ספרות_!$J$2:$L$115,3,FALSE) -> חקלאות, ייעור ודיג | D3: 2539 | E3: 7082.5328 | O3: ענף כלכלי | P3: איוש | Q3: דרום | R3: חיפה | S3: ירושלים | T3: מחוז צפון ללא | U3: מרכז | V3: נפות צפת וגולן | W3: תל אביב | X3: Grand Total
A4: איוש | B4: B | C4: =VLOOKUP(B4,רשויות_ענף_כלכלי__2ספרות_!$J$2:$L$115,3,FALSE) -> כרייה וחציבה | D4: 66 | E4: 22314.781 | O4: אמנות, בידור ופנאי | P4: 5975.5194 | Q4: 7019.4053 | R4: 6135.3687 | S4: 7273.3309 | T4: 6303.1238 | U4: 6581.5361 | V4: 6768.9293 | W4: 8300.5439 | X4: 6794.7197
A5: איוש | B5: C | C5: =VLOOKUP(B5,רשויות_ענף_כלכלי__2ספרות_!$J$2:$L$115,3,FALSE) -> תעשייה | D5: 10432 | E5: 15448.778 | O5: אספקת חשמל, גז, קיטור ומיזוג אוויר | P5: 27878.831 | Q5: 25753.132 | R5: 30523.103 | S5: 22878.2 | T5: 28054.891 | U5: 32673.112 | V5: 22344.183 | W5: 30032.855 | X5: 27517.288
A6: איוש | B6: D | C6: =VLOOKUP(B6,רשויות_ענף_כלכלי__2ספרות_!$J$2:$L$115,3,FALSE) -> אספקת חשמל, גז, קיטור ומיזוג אוויר | D6: 349 | E6: 27878.831 | O6: אספקת מים; שירותי ביוב, טיפול באשפה ובפסולת ושירותי טיהור | P6: 16191.56 | Q6: 13878.68 | R6: 13794.101 | S6: 10211.798 | T6: 12162.725 | U6: 15244.746 | V6: 15086.192 | W6: 15550.526 | X6: 14015.041
A7: איוש | B7: E | C7: =VLOOKUP(B7,רשויות_ענף_כלכלי__2ספרות_!$J$2:$L$115,3,FALSE) -> אספקת מים; שירותי ביוב, טיפול באשפה ובפסולת ושירותי טיהור | D7: 315 | E7: 16191.56 | O7: ארגונים וגופים חוץ-מדינתיים | P7: 22218.944 | Q7: 17448.402 | R7: 16382.312 | S7: 19020.573 | T7: 15987.165 | U7: 19083.976 | V7: 13491.191 | W7: 18552.256 | X7: 17773.102
A8: איוש | B8: F | C8: =VLOOKUP(B8,רשויות_ענף_כלכלי__2ספרות_!$J$2:$L$115,3,FALSE) -> בינוי | D8: 7167 | E8: 13093.008 | O8: בינוי | P8: 13093.008 | Q8: 11371.466 | R8: 10656.475 | S8: 8916.2721 | T8: 8219.2359 | U8: 14328.221 | V8: 8594.0469 | W8: 15388.598 | X8: 11320.915
A9: איוש | B9: G | C9: =VLOOKUP(B9,רשויות_ענף_כלכלי__2ספרות_!$J$2:$L$115,3,FALSE) -> מסחר סיטוני וקמעוני; תיקון כלי רכב מנועיים ואופנועים | D9: 21112 | E9: 8465.3974 | O9: חינוך | P9: 9107.699 | Q9: 10663.385 | R9: 11241.574 | S9: 8847.2289 | T9: 11295.912 | U9: 11072.18 | V9: 10469.979 | W9: 9646.853 | X9: 10293.101
A10: איוש | B10: H | C10: =VLOOKUP(B10,רשויות_ענף_כלכלי__2ספרות_!$J$2:$L$115,3,FALSE) -> שירותי תחבורה, אחסנה, דואר ובלדרות | D10: 4361 | E10: 12440.864 | O10: חקלאות, ייעור ודיג | P10: 7082.5328 | Q10: 14259.207 | R10: 14174.928 | S10: 13911.928 | T10: 13484.72 | U10: 15749.701 | V10: 13532.036 | W10: 15186.067 | X10: 13845.314
A11: איוש | B11: I | C11: =VLOOKUP(B11,רשויות_ענף_כלכלי__2ספרות_!$J$2:$L$115,3,FALSE) -> שירותי אירוח ואוכל | D11: 9697 | E11: 4588.2312 | O11: כרייה וחציבה | P11: 22314.781 | Q11: 29879.927 | R11: 21114.719 | S11: 16066.058 | T11: 16912.907 | U11: 26195.455 | V11: 17832.677 | W11: 36565.012 | X11: 23360.192
A12: איוש | B12: J | C12: =VLOOKUP(B12,רשויות_ענף_כלכלי__2ספרות_!$J$2:$L$115,3,FALSE) -> מידע ותקשורת | D12: 10280 | E12: 21745.864 | O12: מידע ותקשורת | P12: 21745.864 | Q12: 19665.653 | R12: 24356.973 | S12: 19873.732 | T12: 21035.312 | U12: 29126.391 | V12: 18955.911 | W12: 30425.284 | X12: 23148.14
A13: איוש | B13: K | C13: =VLOOKUP(B13,רשויות_ענף_כלכלי__2ספרות_!$J$2:$L$115,3,FALSE) -> שירותים פיננסיים ושירותי ביטוח | D13: 4176 | E13: 19166.415 | O13: מינהל מקומי, מינהל ציבורי וביטחון; ביטוח לאומי חובה | P13: 10630.492 | Q13: 11536.024 | R13: 12899.629 | S13: 13510.56 | T13: 12177.888 | U13: 12871.757 | V13: 11608.868 | W13: 13873.637 | X13: 12388.607
A14: איוש | B14: L | C14: =VLOOKUP(B14,רשויות_ענף_כלכלי__2ספרות_!$J$2:$L$115,3,FALSE) -> פעילויות בנדל"ן | D14: 1463 | E14: 11552.952 | O14: מסחר סיטוני וקמעוני; תיקון כלי רכב מנועיים ואופנועים | P14: 8465.3974 | Q14: 8367.4328 | R14: 9359.7986 | S14: 7686.4274 | T14: 7780.743 | U14: 11319.051 | V14: 7873.3292 | W14: 11905.127 | X14: 9094.6632
A15: איוש | B15: M | C15: =VLOOKUP(B15,רשויות_ענף_כלכלי__2ספרות_!$J$2:$L$115,3,FALSE) -> שירותים מקצועיים, מדעיים וטכניים | D15: 11439 | E15: 14131.38 | O15: פעילויות בנדל"ן | P15: 11552.952 | Q15: 10846.158 | R15: 12534.491 | S15: 11589.134 | T15: 9456.4944 | U15: 15996.555 | V15: 11414.499 | W15: 17234.842 | X15: 12578.141
... A22: איוש | B22: U | C22: =VLOOKUP(B22,רשויות_ענף_כלכלי__2ספרות_!$J$2:$L$115,3,FALSE) -> ארגונים וגופים חוץ-מדינתיים | D22: 61 | E22: 22218.944 | O22: שירותים פיננסיים ושירותי ביטוח | P22: 19166.415 | Q22: 16293.984 | R22: 17743.834 | S22: 19067.109 | T22: 14707.372 | U22: 22398.884 | V22: 14380.111 | W22: 24120.994 | X22: 18484.838
A23: דרום | B23: * | D23: 13904 | E23: 19219.745 | O23: תעשייה | P23: 15448.778 | Q23: 14445.404 | R23: 15981.593 | S23: 13431.295 | T23: 12463.32 | U23: 20192.498 | V23: 12236.243 | W23: 19887.932 | X23: 15510.883
A24: דרום | B24: A | C24: =VLOOKUP(B24,רשויות_ענף_כלכלי__2ספרות_!$J$2:$L$115,3,FALSE) -> חקלאות, ייעור ודיג | D24: 13728 | E24: 9298.6696 | O24: (blank) | P24: 20201.097 | X24: 20201.097
A25: דרום | B25: B | C25: =VLOOKUP(B25,רשויות_ענף_כלכלי__2ספרות_!$J$2:$L$115,3,FALSE) -> כרייה וחציבה | D25: 2525 | E25: 29879.927 | O25: Grand Total | P25: 13547.336 | Q25: 13181.671 | R25: 13693.31 | S25: 12187.323 | T25: 11985.561 | U25: 15780.878 | V25: 11646.207 | W25: 16527.072 | X25: 13568.67
A26: דרום | B26: C | C26: =VLOOKUP(B26,רשויות_ענף_כלכלי__2ספרות_!$J$2:$L$115,3,FALSE) -> תעשייה | D26: 67729 | E26: 14445.404
A27: דרום | B27: D | C27: =VLOOKUP(B27,רשויות_ענף_כלכלי__2ספרות_!$J$2:$L$115,3,FALSE) -> אספקת חשמל, גז, קיטור ומיזוג אוויר | D27: 2978 | E27: 25753.132
A28: דרום | B28: E | C28: =VLOOKUP(B28,רשויות_ענף_כלכלי__2ספרות_!$J$2:$L$115,3,FALSE) -> אספקת מים; שירותי ביוב, טיפול באשפה ובפסולת ושירותי טיהור | D28: 3238 | E28: 13878.68
A29: דרום | B29: F | C29: =VLOOKUP(B29,רשויות_ענף_כלכלי__2ספרות_!$J$2:$L$115,3,FALSE) -> בינוי | D29: 39531 | E29: 11371.466
A30: דרום | B30: G | C30: =VLOOKUP(B30,רשויות_ענף_כלכלי__2ספרות_!$J$2:$L$115,3,FALSE) -> מסחר סיטוני וקמעוני; תיקון כלי רכב מנועיים ואופנועים | D30: 82322 | E30: 8367.4328
A31: דרום | B31: H | C31: =VLOOKUP(B31,רשויות_ענף_כלכלי__2ספרות_!$J$2:$L$115,3,FALSE) -> שירותי תחבורה, אחסנה, דואר ובלדרות | D31: 30828 | E31: 11965.404
A32: דרום | B32: I | C32: =VLOOKUP(B32,רשויות_ענף_כלכלי__2ספרות_!$J$2:$L$115,3,FALSE) -> שירותי אירוח ואוכל | D32: 43533 | E32: 5947.2033
A33: דרום | B33: J | C33: =VLOOKUP(B33,רשויות_ענף_כלכלי__2ספרות_!$J$2:$L$115,3,FALSE) -> מידע ותקשורת | D33: 18009 | E33: 19665.653
A34: דרום | B34: K | C34: =VLOOKUP(B34,רשויות_ענף_כלכלי__2ספרות_!$J$2:$L$115,3,FALSE) -> שירותים פיננסיים ושירותי ביטוח | D34: 8958 | E34: 16293.984
A35: דרום | B35: L | C35: =VLOOKUP(B35,רשויות_ענף_כלכלי__2ספרות_!$J$2:$L$115,3,FALSE) -> פעילויות בנדל"ן | D35: 4115 | E35: 10846.158
A36: דרום | B36: M | C36: =VLOOKUP(B36,רשויות_ענף_כלכלי__2ספרות_!$J$2:$L$115,3,FALSE) -> שירותים מקצועיים, מדעיים וטכניים | D36: 27716 | E36: 12638.145
A37: דרום | B37: N | C37: =VLOOKUP(B37,רשויות_ענף_כלכלי__2ספרות_!$J$2:$L$115,3,FALSE) -> שירותי ניהול ותמיכה | D37: 57599 | E37: 6163.8218 | O37: Average of שכר חודשי ממוצי | P37: Column Labels
A38: דרום | B38: O | C38: =VLOOKUP(B38,רשויות_ענף_כלכלי__2ספרות_!$J$2:$L$115,3,FALSE) -> מינהל מקומי, מינהל ציבורי וביטחון; ביטוח לאומי חובה | D38: 36869 | E38: 11536.024 | O38: ענף כלכלי | P38: נפות צפת וגולן | Q38: ממוצע ארצי | R38: ממוצע שכר באשכול | S38: ממוצע שכר ארצי
A39: דרום | B39: P | C39: =VLOOKUP(B39,רשויות_ענף_כלכלי__2ספרות_!$J$2:$L$115,3,FALSE) -> חינוך | D39: 59122 | E39: 10663.385 | O39: אמנות, בידור ופנאי | P39: 6768.9293 | Q39: 6794.7197 | R39: =AVERAGE(P39:P58) -> 11551.916 | S39: =AVERAGE(Q39:Q58) -> 13515.114
A40: דרום | B40: Q | C40: =VLOOKUP(B40,רשויות_ענף_כלכלי__2ספרות_!$J$2:$L$115,3,FALSE) -> שירותי בריאות, רווחה וסעד | D40: 69621 | E40: 8269.8853 | O40: אספקת חשמל, גז, קיטור ומיזוג אוויר | P40: 22344.183 | Q40: 27517.288 | R40: 11551.916 | S40: 13515.114
A41: דרום | B41: R | C41: =VLOOKUP(B41,רשויות_ענף_כלכלי__2ספרות_!$J$2:$L$115,3,FALSE) -> אמנות, בידור ופנאי | D41: 8181 | E41: 7019.4053 | O41: אספקת מים; שירותי ביוב, טיפול באשפה ובפסולת ושירותי טיהור | P41: 15086.192 | Q41: 14015.041 | R41: 11551.916 | S41: 13515.114
A42: דרום | B42: S | C42: =VLOOKUP(B42,רשויות_ענף_כלכלי__2ספרות_!$J$2:$L$115,3,FALSE) -> שירותים אחרים | D42: 23730 | E42: 6143.1605 | O42: ארגונים וגופים חוץ-מדינתיים | P42: 13491.191 | Q42: 17773.102 | R42: 11551.916 | S42: 13515.114
A43: דרום | B43: U | C43: =VLOOKUP(B43,רשויות_ענף_כלכלי__2ספרות_!$J$2:$L$115,3,FALSE) -> ארגונים וגופים חוץ-מדינתיים | D43: 46 | E43: 17448.402 | O43: בינוי | P43: 8594.0469 | Q43: 11320.915 | R43: 11551.916 | S43: 13515.114
A44: חיפה | B44: * | D44: 14820 | E44: 19856.794 | O44: חינוך | P44: 10469.979 | Q44: 10293.101 | R44: 11551.916 | S44: 13515.114
A45: חיפה | B45: A | C45: =VLOOKUP(B45,רשויות_ענף_כלכלי__2ספרות_!$J$2:$L$115,3,FALSE) -> חקלאות, ייעור ודיג | D45: 6338 | E45: 8493.061 | O45: חקלאות, ייעור ודיג | P45: 13532.036 | Q45: 13845.314 | R45: 11551.916 | S45: 13515.114
A46: חיפה | B46: B | C46: =VLOOKUP(B46,רשויות_ענף_כלכלי__2ספרות_!$J$2:$L$115,3,FALSE) -> כרייה וחציבה | D46: 409 | E46: 21114.719 | O46: כרייה וחציבה | P46: 17832.677 | Q46: 23360.192 | R46: 11551.916 | S46: 13515.114
A47: חיפה | B47: C | C47: =VLOOKUP(B47,רשויות_ענף_כלכלי__2ספרות_!$J$2:$L$115,3,FALSE) -> תעשייה | D47: 52466 | E47: 15981.593 | O47: מידע ותקשורת | P47: 18955.911 | Q47: 23148.14 | R47: 11551.916 | S47: 13515.114
A48: חיפה | B48: D | C48: =VLOOKUP(B48,רשויות_ענף_כלכלי__2ספרות_!$J$2:$L$115,3,FALSE) -> אספקת חשמל, גז, קיטור ומיזוג אוויר | D48: 3802 | E48: 30523.103 | O48: מינהל מקומי, מינהל ציבורי וביטחון; ביטוח לאומי חובה | P48: 11608.868 | Q48: 12388.607 | R48: 11551.916 | S48: 13515.114
A49: חיפה | B49: E | C49: =VLOOKUP(B49,רשויות_ענף_כלכלי__2ספרות_!$J$2:$L$115,3,FALSE) -> אספקת מים; שירותי ביוב, טיפול באשפה ובפסולת ושירותי טיהור | D49: 1691 | E49: 13794.101 | O49: מסחר סיטוני וקמעוני; תיקון כלי רכב מנועיים ואופנועים | P49: 7873.3292 | Q49: 9094.6632 | R49: 11551.916 | S49: 13515.114
A50: חיפה | B50: F | C50: =VLOOKUP(B50,רשויות_ענף_כלכלי__2ספרות_!$J$2:$L$115,3,FALSE) -> בינוי | D50: 30349 | E50: 10656.475 | O50: פעילויות בנדל"ן | P50: 11414.499 | Q50: 12578.141 | R50: 11551.916 | S50: 13515.114
A51: חיפה | B51: G | C51: =VLOOKUP(B51,רשויות_ענף_כלכלי__2ספרות_!$J$2:$L$115,3,FALSE) -> מסחר סיטוני וקמעוני; תיקון כלי רכב מנועיים ואופנועים | D51: 68834 | E51: 9359.7986 | O51: שירותי אירוח ואוכל | P51: 5638.7305 | Q51: 5469.0017 | R51: 11551.916 | S51: 13515.114
A52: חיפה | B52: H | C52: =VLOOKUP(B52,רשויות_ענף_כלכלי__2ספרות_!$J$2:$L$115,3,FALSE) -> שירותי תחבורה, אחסנה, דואר ובלדרות | D52: 19649 | E52: 13797.428 | O52: שירותי בריאות, רווחה וסעד | P52: 7022.5053 | Q52: 8447.0788 | R52: 11551.916 | S52: 13515.114
A53: חיפה | B53: I | C53: =VLOOKUP(B53,רשויות_ענף_כלכלי__2ספרות_!$J$2:$L$115,3,FALSE) -> שירותי אירוח ואוכל | D53: 33868 | E53: 5105.2024 | O53: שירותי ניהול ותמיכה | P53: 6188.4994 | Q53: 7000.1504 | R53: 11551.916 | S53: 13515.114
A54: חיפה | B54: J | C54: =VLOOKUP(B54,רשויות_ענף_כלכלי__2ספרות_!$J$2:$L$115,3,FALSE) -> מידע ותקשורת | D54: 23230 | E54: 24356.973 | O54: שירותי תחבורה, אחסנה, דואר ובלדרות | P54: 10064.829 | Q54: 12036.581 | R54: 11551.916 | S54: 13515.114
A55: חיפה | B55: K | C55: =VLOOKUP(B55,רשויות_ענף_כלכלי__2ספרות_!$J$2:$L$115,3,FALSE) -> שירותים פיננסיים ושירותי ביטוח | D55: 10525 | E55: 17743.834 | O55: שירותים אחרים | P55: 6201.0556 | Q55: 6615.5854 | R55: 11551.916 | S55: 13515.114
A56: חיפה | B56: L | C56: =VLOOKUP(B56,רשויות_ענף_כלכלי__2ספרות_!$J$2:$L$115,3,FALSE) -> פעילויות בנדל"ן | D56: 3763 | E56: 12534.491 | O56: שירותים מקצועיים, מדעיים וטכניים | P56: 11334.503 | Q56: 14608.935 | R56: 11551.916 | S56: 13515.114
... A58: חיפה | B58: N | C58: =VLOOKUP(B58,רשויות_ענף_כלכלי__2ספרות_!$J$2:$L$115,3,FALSE) -> שירותי ניהול ותמיכה | D58: 37659 | E58: 6656.317 | O58: תעשייה | P58: 12236.243 | Q58: 15510.883 | R58: 11551.916 | S58: 13515.114
A59: חיפה | B59: O | C59: =VLOOKUP(B59,רשויות_ענף_כלכלי__2ספרות_!$J$2:$L$115,3,FALSE) -> מינהל מקומי, מינהל ציבורי וביטחון; ביטוח לאומי חובה | D59: 36966 | E59: 12899.629
A60: חיפה | B60: P | C60: =VLOOKUP(B60,רשויות_ענף_כלכלי__2ספרות_!$J$2:$L$115,3,FALSE) -> חינוך | D60: 47055 | E60: 11241.574
A61: חיפה | B61: Q | C61: =VLOOKUP(B61,רשויות_ענף_כלכלי__2ספרות_!$J$2:$L$115,3,FALSE) -> שירותי בריאות, רווחה וסעד | D61: 62279 | E61: 7998.6006
A62: חיפה | B62: R | C62: =VLOOKUP(B62,רשויות_ענף_כלכלי__2ספרות_!$J$2:$L$115,3,FALSE) -> אמנות, בידור ופנאי | D62: 7610 | E62: 6135.3687
A63: חיפה | B63: S | C63: =VLOOKUP(B63,רשויות_ענף_כלכלי__2ספרות_!$J$2:$L$115,3,FALSE) -> שירותים אחרים | D63: 12465 | E63: 6648.8935
A64: חיפה | B64: U | C64: =VLOOKUP(B64,רשויות_ענף_כלכלי__2ספרות_!$J$2:$L$115,3,FALSE) -> ארגונים וגופים חוץ-מדינתיים | D64: 64 | E64: 16382.312
A65: ירושלים | B65: * | D65: 11718 | E65: 18229.626
A66: ירושלים | B66: A | C66: =VLOOKUP(B66,רשויות_ענף_כלכלי__2ספרות_!$J$2:$L$115,3,FALSE) -> חקלאות, ייעור ודיג | D66: 1978 | E66: 9594.2313
A67: ירושלים | B67: B | C67: =VLOOKUP(B67,רשויות_ענף_כלכלי__2ספרות_!$J$2:$L$115,3,FALSE) -> כרייה וחציבה | D67: 190 | E67: 16066.058
A68: ירושלים | B68: C | C68: =VLOOKUP(B68,רשויות_ענף_כלכלי__2ספרות_!$J$2:$L$115,3,FALSE) -> תעשייה | D68: 18326 | E68: 13431.295
A69: ירושלים | B69: D | C69: =VLOOKUP(B69,רשויות_ענף_כלכלי__2ספרות_!$J$2:$L$115,3,FALSE) -> אספקת חשמל, גז, קיטור ומיזוג אוויר | D69: 987 | E69: 22878.2
A70: ירושלים | B70: E | C70: =VLOOKUP(B70,רשויות_ענף_כלכלי__2ספרות_!$J$2:$L$115,3,FALSE) -> אספקת מים; שירותי ביוב, טיפול באשפה ובפסולת ושירותי טיהור | D70: 1585 | E70: 10211.798
A71: ירושלים | B71: F | C71: =VLOOKUP(B71,רשויות_ענף_כלכלי__2ספרות_!$J$2:$L$115,3,FALSE) -> בינוי | D71: 27576 | E71: 8916.2721
A72: ירושלים | B72: G | C72: =VLOOKUP(B72,רשויות_ענף_כלכלי__2ספרות_!$J$2:$L$115,3,FALSE) -> מסחר סיטוני וקמעוני; תיקון כלי רכב מנועיים ואופנועים | D72: 52494 | E72: 7686.4274
A73: ירושלים | B73: H | C73: =VLOOKUP(B73,רשויות_ענף_כלכלי__2ספרות_!$J$2:$L$115,3,FALSE) -> שירותי תחבורה, אחסנה, דואר ובלדרות | D73: 18022 | E73: 9744.8238
A74: ירושלים | B74: I | C74: =VLOOKUP(B74,רשויות_ענף_כלכלי__2ספרות_!$J$2:$L$115,3,FALSE) -> שירותי אירוח ואוכל | D74: 30571 | E74: 5857.2449
A75: ירושלים | B75: J | C75: =VLOOKUP(B75,רשויות_ענף_כלכלי__2ספרות_!$J$2:$L$115,3,FALSE) -> מידע ותקשורת | D75: 17298 | E75: 19873.732
A76: ירושלים | B76: K | C76: =VLOOKUP(B76,רשויות_ענף_כלכלי__2ספרות_!$J$2:$L$115,3,FALSE) -> שירותים פיננסיים ושירותי ביטוח | D76: 6730 | E76: 19067.109
A77: ירושלים | B77: L | C77: =VLOOKUP(B77,רשויות_ענף_כלכלי__2ספרות_!$J$2:$L$115,3,FALSE) -> פעילויות בנדל"ן | D77: 3585 | E77: 11589.134
... A85: ירושלים | B85: U | C85: =VLOOKUP(B85,רשויות_ענף_כלכלי__2ספרות_!$J$2:$L$115,3,FALSE) -> ארגונים וגופים חוץ-מדינתיים | D85: 679 | E85: 19020.573
A86: מחוז צפון ללא | B86: * | D86: 16629 | E86: 19590.035
A87: מחוז צפון ללא | B87: A | C87: =VLOOKUP(B87,רשויות_ענף_כלכלי__2ספרות_!$J$2:$L$115,3,FALSE) -> חקלאות, ייעור ודיג | D87: 15821 | E87: 7379.4047
A88: מחוז צפון ללא | B88: B | C88: =VLOOKUP(B88,רשויות_ענף_כלכלי__2ספרות_!$J$2:$L$115,3,FALSE) -> כרייה וחציבה | D88: 535 | E88: 16912.907
A89: מחוז צפון ללא | B89: C | C89: =VLOOKUP(B89,רשויות_ענף_כלכלי__2ספרות_!$J$2:$L$115,3,FALSE) -> תעשייה | D89: 84699 | E89: 12463.32
A90: מחוז צפון ללא | B90: D | C90: =VLOOKUP(B90,רשויות_ענף_כלכלי__2ספרות_!$J$2:$L$115,3,FALSE) -> אספקת חשמל, גז, קיטור ומיזוג אוויר | D90: 1575 | E90: 28054.891
A91: מחוז צפון ללא | B91: E | C91: =VLOOKUP(B91,רשויות_ענף_כלכלי__2ספרות_!$J$2:$L$115,3,FALSE) -> אספקת מים; שירותי ביוב, טיפול באשפה ובפסולת ושירותי טיהור | D91: 2733 | E91: 12162.725
A92: מחוז צפון ללא | B92: F | C92: =VLOOKUP(B92,רשויות_ענף_כלכלי__2ספרות_!$J$2:$L$115,3,FALSE) -> בינוי | D92: 63610 | E92: 8219.2359
A93: מחוז צפון ללא | B93: G | C93: =VLOOKUP(B93,רשויות_ענף_כלכלי__2ספרות_!$J$2:$L$115,3,FALSE) -> מסחר סיטוני וקמעוני; תיקון כלי רכב מנועיים ואופנועים | D93: 83485 | E93: 7780.743
A94: מחוז צפון ללא | B94: H | C94: =VLOOKUP(B94,רשויות_ענף_כלכלי__2ספרות_!$J$2:$L$115,3,FALSE) -> שירותי תחבורה, אחסנה, דואר ובלדרות | D94: 24211 | E94: 10637.909
A95: מחוז צפון ללא | B95: I | C95: =VLOOKUP(B95,רשויות_ענף_כלכלי__2ספרות_!$J$2:$L$115,3,FALSE) -> שירותי אירוח ואוכל | D95: 36526 | E95: 5292.8582
A96: מחוז צפון ללא | B96: J | C96: =VLOOKUP(B96,רשויות_ענף_כלכלי__2ספרות_!$J$2:$L$115,3,FALSE) -> מידע ותקשורת | D96: 12984 | E96: 21035.312
A97: מחוז צפון ללא | B97: K | C97: =VLOOKUP(B97,רשויות_ענף_כלכלי__2ספרות_!$J$2:$L$115,3,FALSE) -> שירותים פיננסיים ושירותי ביטוח | D97: 8285 | E97: 14707.372
A98: מחוז צפון ללא | B98: L | C98: =VLOOKUP(B98,רשויות_ענף_כלכלי__2ספרות_!$J$2:$L$115,3,FALSE) -> פעילויות בנדל"ן | D98: 3153 | E98: 9456.4944
... A106: מחוז צפון ללא | B106: U | C106: =VLOOKUP(B106,רשויות_ענף_כלכלי__2ספרות_!$J$2:$L$115,3,FALSE) -> ארגונים וגופים חוץ-מדינתיים | D106: 52 | E106: 15987.165
A107: מרכז | B107: * | D107: 35584 | E107: 21664.809
A108: מרכז | B108: A | C108: =VLOOKUP(B108,רשויות_ענף_כלכלי__2ספרות_!$J$2:$L$115,3,FALSE) -> חקלאות, ייעור ודיג | D108: 8611 | E108: 9834.5934
A109: מרכז | B109: B | C109: =VLOOKUP(B109,רשויות_ענף_כלכלי__2ספרות_!$J$2:$L$115,3,FALSE) -> כרייה וחציבה | D109: 541 | E109: 26195.455
A110: מרכז | B110: C | C110: =VLOOKUP(B110,רשויות_ענף_כלכלי__2ספרות_!$J$2:$L$115,3,FALSE) -> תעשייה | D110: 85331 | E110: 20192.498
A111: מרכז | B111: D | C111: =VLOOKUP(B111,רשויות_ענף_כלכלי__2ספרות_!$J$2:$L$115,3,FALSE) -> אספקת חשמל, גז, קיטור ומיזוג אוויר | D111: 2807 | E111: 32673.112
A112: מרכז | B112: E | C112: =VLOOKUP(B112,רשויות_ענף_כלכלי__2ספרות_!$J$2:$L$115,3,FALSE) -> אספקת מים; שירותי ביוב, טיפול באשפה ובפסולת ושירותי טיהור | D112: 3402 | E112: 15244.746
A113: מרכז | B113: F | C113: =VLOOKUP(B113,רשויות_ענף_כלכלי__2ספרות_!$J$2:$L$115,3,FALSE) -> בינוי | D113: 46724 | E113: 14328.221
A114: מרכז | B114: G | C114: =VLOOKUP(B114,רשויות_ענף_כלכלי__2ספרות_!$J$2:$L$115,3,FALSE) -> מסחר סיטוני וקמעוני; תיקון כלי רכב מנועיים ואופנועים | D114: 174437 | E114: 11319.051
A115: מרכז | B115: H | C115: =VLOOKUP(B115,רשויות_ענף_כלכלי__2ספרות_!$J$2:$L$115,3,FALSE) -> שירותי תחבורה, אחסנה, דואר ובלדרות | D115: 41975 | E115: 13756.647
A116: מרכז | B116: I | C116: =VLOOKUP(B116,רשויות_ענף_כלכלי__2ספרות_!$J$2:$L$115,3,FALSE) -> שירותי אירוח ואוכל | D116: 74696 | E116: 4992.4099
A117: מרכז | B117: J | C117: =VLOOKUP(B117,רשויות_ענף_כלכלי__2ספרות_!$J$2:$L$115,3,FALSE) -> מידע ותקשורת | D117: 90324 | E117: 29126.391
A118: מרכז | B118: K | C118: =VLOOKUP(B118,רשויות_ענף_כלכלי__2ספרות_!$J$2:$L$115,3,FALSE) -> שירותים פיננסיים ושירותי ביטוח | D118: 44948 | E118: 22398.884
A119: מרכז | B119: L | C119: =VLOOKUP(B119,רשויות_ענף_כלכלי__2ספרות_!$J$2:$L$115,3,FALSE) -> פעילויות בנדל"ן | D119: 9854 | E119: 15996.555
... A127: מרכז | B127: U | C127: =VLOOKUP(B127,רשויות_ענף_כלכלי__2ספרות_!$J$2:$L$115,3,FALSE) -> ארגונים וגופים חוץ-מדינתיים | D127: 383 | E127: 19083.976
A128: נפות צפת וגולן | B128: * | D128: 2899 | E128: 19124.368
...
